{"stats":{"minecraft:custom":{"minecraft:time_since_rest":34395,"minecraft:crouch_one_cm":1212,"minecraft:play_time":34395,"minecraft:sprint_one_cm":2142,"minecraft:walk_one_cm":7533,"minecraft:sneak_time":2832,"minecraft:interact_with_lectern":2,"minecraft:jump":40,"minecraft:leave_game":3,"minecraft:time_since_death":34395,"minecraft:total_world_time":34584,"minecraft:fly_one_cm":509950},"minecraft:picked_up":{"minecraft:lever":5,"minecraft:spruce_button":1,"minecraft:white_banner":1},"minecraft:used":{"minecraft:barrel":1,"minecraft:stone_bricks":17,"minecraft:moss_block":2,"minecraft:oak_leaves":2,"minecraft:light_gray_wool":1,"minecraft:black_concrete":10,"minecraft:light_gray_banner":9,"minecraft:terracotta":115,"minecraft:yellow_terracotta":8,"minecraft:iron_trapdoor":3,"minecraft:barrier":1,"minecraft:stone_button":3,"minecraft:light_blue_terracotta":41,"minecraft:stone":4,"minecraft:jungle_trapdoor":10,"minecraft:spruce_trapdoor":31,"minecraft:spruce_fence":3}},"DataVersion":3578}