{"stats":{"minecraft:killed":{"minecraft:zombie":1,"minecraft:allay":2},"minecraft:custom":{"minecraft:time_since_rest":1587,"minecraft:sprint_one_cm":341271,"minecraft:open_enderchest":1,"minecraft:damage_taken":7038,"minecraft:walk_one_cm":229338,"minecraft:mob_kills":4,"minecraft:inspect_hopper":1,"minecraft:damage_dealt":3053,"minecraft:fly_one_cm":1745984,"minecraft:player_kills":11,"minecraft:open_chest":2,"minecraft:crouch_one_cm":7805,"minecraft:play_time":620336,"minecraft:deaths":28,"minecraft:sneak_time":4207,"minecraft:bell_ring":39,"minecraft:interact_with_lectern":23,"minecraft:jump":4369,"minecraft:leave_game":5,"minecraft:time_since_death":1587,"minecraft:walk_on_water_one_cm":803,"minecraft:total_world_time":749083,"minecraft:climb_one_cm":2571,"minecraft:fall_one_cm":110912},"minecraft:picked_up":{"minecraft:rotten_flesh":4},"minecraft:killed_by":{"minecraft:player":3,"minecraft:zombie":1},"minecraft:used":{"minecraft:short_grass":6,"minecraft:netherite_sword":2,"minecraft:cyan_terracotta":12,"minecraft:command_block":2,"minecraft:carrot_on_a_stick":128,"minecraft:spruce_slab":1,"minecraft:grass_block":14,"minecraft:oak_button":1,"minecraft:polished_andesite":8,"minecraft:barrier":20,"minecraft:polished_andesite_stairs":3,"minecraft:oak_sign":1,"minecraft:stone":6,"minecraft:iron_sword":39,"minecraft:iron_door":3,"minecraft:gravel":2,"minecraft:bedrock":18,"minecraft:white_wool":1,"minecraft:bow":47,"minecraft:brown_carpet":1,"minecraft:jungle_planks":137,"minecraft:light_gray_terracotta":1,"minecraft:andesite":9,"minecraft:stone_pressure_plate":1,"minecraft:white_concrete":1,"minecraft:light_blue_stained_glass":1,"minecraft:stripped_spruce_log":1,"minecraft:brown_concrete_powder":1,"minecraft:stripped_spruce_wood":1}},"DataVersion":4062}