{"stats":{"minecraft:picked_up":{"minecraft:polished_andesite":2,"minecraft:command_block":1,"minecraft:chiseled_stone_bricks":17,"minecraft:granite_stairs":2,"minecraft:gray_shulker_box":1,"minecraft:cooked_mutton":1,"minecraft:stone_stairs":4,"minecraft:azalea_leaves":13,"minecraft:iron_bars":1,"minecraft:baked_potato":2,"minecraft:iron_sword":1,"minecraft:black_bed":1,"minecraft:granite":2,"minecraft:mud":9,"minecraft:goat_horn":1,"minecraft:light_gray_banner":1,"minecraft:scaffolding":2,"minecraft:flowering_azalea_leaves":9,"minecraft:oak_leaves":7,"minecraft:granite_slab":2,"minecraft:book":1,"minecraft:sunflower":9,"minecraft:painting":7,"minecraft:bamboo":1,"minecraft:cooked_beef":1,"minecraft:brown_mushroom_block":7,"minecraft:bricks":10,"minecraft:vex_armor_trim_smithing_template":1,"minecraft:brown_concrete_powder":8,"minecraft:suspicious_gravel":1,"minecraft:cooked_chicken":1,"minecraft:item_frame":225,"minecraft:cobbled_deepslate":7,"minecraft:andesite":1,"minecraft:honeycomb":8,"minecraft:stone_bricks":64,"minecraft:cyan_banner":2,"minecraft:amethyst_shard":1,"minecraft:filled_map":17,"minecraft:mutton":1,"minecraft:pumpkin_pie":5,"minecraft:paper":6,"minecraft:skull_pottery_sherd":1},"minecraft:custom":{"minecraft:time_since_rest":2412,"minecraft:leave_game":13,"minecraft:damage_taken":9253,"minecraft:mob_kills":5,"minecraft:open_shulker_box":4,"minecraft:time_since_death":2411,"minecraft:interact_with_furnace":1,"minecraft:interact_with_smithing_table":1,"minecraft:total_world_time":2015984,"minecraft:crouch_one_cm":17949,"minecraft:pot_flower":1,"minecraft:deaths":49,"minecraft:climb_one_cm":2159,"minecraft:player_kills":3,"minecraft:walk_one_cm":505202,"minecraft:interact_with_lectern":9,"minecraft:play_time":921371,"minecraft:damage_dealt":843,"minecraft:jump":9893,"minecraft:drop":1,"minecraft:bell_ring":130,"minecraft:open_barrel":8,"minecraft:sprint_one_cm":751370,"minecraft:open_chest":80,"minecraft:inspect_hopper":27,"minecraft:fall_one_cm":165995,"minecraft:fly_one_cm":3582001,"minecraft:interact_with_anvil":2,"minecraft:walk_on_water_one_cm":107,"minecraft:sneak_time":7489,"minecraft:interact_with_blast_furnace":6,"minecraft:interact_with_grindstone":1},"minecraft:used":{"minecraft:spruce_fence":1,"minecraft:white_terracotta":2,"minecraft:string":2,"minecraft:emerald_block":1,"minecraft:stripped_mangrove_wood":6,"minecraft:player_head":1,"minecraft:end_stone":25,"minecraft:deepslate":2,"minecraft:spruce_stairs":2,"minecraft:andesite":5,"minecraft:white_banner":3,"minecraft:cherry_planks":5,"minecraft:iron_sword":6,"minecraft:packed_mud":3,"minecraft:light_gray_concrete":4,"minecraft:jungle_planks":1,"minecraft:stone_bricks":5,"minecraft:command_block":7,"minecraft:mushroom_stem":3,"minecraft:carrot_on_a_stick":6,"minecraft:granite":2,"minecraft:decorated_pot":1,"minecraft:spruce_wood":9,"minecraft:light_gray_stained_glass_pane":8,"minecraft:smooth_stone":4,"minecraft:sweet_berries":1,"minecraft:light_blue_wool":1,"minecraft:bricks":21,"minecraft:diorite":2,"minecraft:mud_bricks":7,"minecraft:bee_nest":3,"minecraft:light_gray_concrete_powder":4,"minecraft:cobblestone":1,"minecraft:stone":6,"minecraft:hopper":16,"minecraft:polished_andesite":2,"minecraft:barrier":226,"minecraft:white_carpet":1,"minecraft:mud_brick_wall":2,"minecraft:brown_mushroom_block":7,"minecraft:bow":100,"minecraft:brown_stained_glass_pane":4,"minecraft:polished_diorite":3,"minecraft:scaffolding":3,"minecraft:light_blue_carpet":2,"minecraft:suspicious_gravel":5,"minecraft:barrel":3,"minecraft:terracotta":1,"minecraft:oak_button":5,"minecraft:yellow_terracotta":7,"minecraft:light":10,"minecraft:debug_stick":14,"minecraft:light_blue_terracotta":8,"minecraft:white_wool":7,"minecraft:cyan_banner":4,"minecraft:oak_stairs":1,"minecraft:cooked_beef":3,"minecraft:iron_trapdoor":3,"minecraft:chest":4,"minecraft:deepslate_tiles":1,"minecraft:bedrock":107,"minecraft:stripped_jungle_log":5},"minecraft:killed":{"minecraft:allay":2,"minecraft:bee":2,"minecraft:panda":1},"minecraft:killed_by":{"minecraft:player":12},"minecraft:dropped":{"minecraft:cobblestone":1}},"DataVersion":4325}